{
  "meta_title": "Presentes e Lembranças Personalizados",
  "meta_description": "Presentes Personalizados para diversas ocasiões.",
  "sections": [
    {
      "type": "banner-slider",
      "autoplay": 9000,
      "slides": [
        {
          "img": "/img/uploads/rect89.webp",
          "link": "/headset",
          "alt": "Headset banner",
          "start": "2020-04-11T05:54:06.750Z",
          "end": "2020-12-31T03:00:00.000Z"
        },
        {
          "img": "/img/uploads/banner2.webp",
          "alt": "Banner sample two",
          "start": "",
          "end": ""
        }
      ]
    },
    {
      "type": "info-bar",
      "enabled": true
    },
    {
      "type": "banners-grid",
      "banners": [
        {
          "img": "/img/uploads/kit-livro-do-bebe-li-cx-cd-cn-menina-coracao-01.jpg"
        },
        {
          "img": "/img/uploads/agenda-permanente-um-ano-incrivel-10.jpg"
        },
        {
          "img": "/img/uploads/caixa-padrinhos-de-batismo-20x20-listras-azul-07.jpg"
        },
        {
          "img": "/img/uploads/01-caneca-psicologia-1.png"
        }
      ]
    },
    {
      "type": "collection-shelf",
      "shuffle": true,
      "collection_id": null,
      "limit": 12,
      "page": 1,
      "sort": "sales",
      "title": "OS FAVORITOS!"
    },
    {
      "type": "page-title",
      "title": "Presentes e Lembranças Personalizadas",
      "description": "Presentes e lembranças personalizadas para todas as ocasiões, com detalhes exclusivos e acabamentos impecável!"
    }
  ]
}